{
  "test/testsuite.qunit.html": 1721650394559,
  "test/integration/pages/RisksObjectPage.js": 1721650394583,
  "test/integration/pages/RisksList.js": 1721650394583,
  "test/integration/opaTests.qunit.js": 1721650394579,
  "test/integration/FirstJourney.js": 1721650394583,
  "test/testsuite.qunit.js": 1721650394567,
  "xs-app.json": 1721652083815,
  "manifest.json": 1721652086160,
  "Component.js": 1721650394511,
  "test/integration/pages/RisksObjectPage-dbg.js": 1721650394583,
  "test/integration/pages/RisksObjectPage.js.map": 1721652099290,
  "test/integration/pages/RisksList-dbg.js": 1721650394583,
  "test/integration/pages/RisksList.js.map": 1721652099290,
  "test/integration/opaTests.qunit-dbg.js": 1721650394579,
  "test/integration/opaTests.qunit.js.map": 1721652099290,
  "test/integration/FirstJourney-dbg.js": 1721650394583,
  "test/integration/FirstJourney.js.map": 1721652099299,
  "test/testsuite.qunit-dbg.js": 1721650394567,
  "test/testsuite.qunit.js.map": 1721652099293,
  "Component-dbg.js": 1721650394511,
  "Component.js.map": 1721652099292,
  "Component-preload.js": 1721652099358,
  "Component-preload.js.map": 1721652099358,
  "test/integration/opaTests.qunit.html": 1721650394579,
  "i18n/i18n.properties": 1721650410619,
  "test/flpSandbox.html": 1721650394559,
  "index.html": 1721650394511
}